Workbook

Sheet Tóm tắt
A1: Tóm tắt lịch trình di chuyển
A2: Ngày 1 & Ngày 2: Khám phá văn hóa, mua sắm và ẩm thực tại Quảng Châu.
A3: Sáng Ngày 3: Đi tàu cao tốc từ Ga Quảng Châu Nam (Guangzhou South) sang Ga Thâm Quyến Bắc (Shenzhen North) hoặc Ga Phúc Điền (Futian). Thời gian đi chỉ mất khoảng 30 - 45 phút. Bạn nên đặt vé trước qua app Trip.com.
A4: Ngày 3 & Ngày 4: Trải nghiệm thành phố công nghệ, check-in các công viên giải trí và đô thị hiện đại tại Thâm Quyến.
A9: Lưu ý quan trọng cho chuyến đi
A10: Ứng dụng cần có: Cài đặt sẵn WeChat hoặc Alipay liên kết thẻ quốc tế (Visa/Mastercard) vì Trung Quốc hầu như không dùng tiền mặt. Tải ứng dụng Gaode Maps (Amap) để tìm đường (Apple Maps cũng dùng tốt tại Trung Quốc).
A11: Mạng internet: Mua trước eSIM hoặc SIM du lịch Trung Quốc có sẵn tính năng vượt tường lửa (VPN) để truy cập Facebook, Google, Zalo bình thường.
A12: Visa: Đảm bảo bạn đã có Visa du lịch Trung Quốc (loại L) hoặc visa đoàn phù hợp với lịch trình.
A14: 1. Liên kết thẻ Visa/Mastercard vào Alipay (Khuyên dùng)
A15: Bạn không cần tài khoản ngân hàng Trung Quốc. Chỉ cần tải ứng dụng Alipay, đăng ký bằng số điện thoại Việt Nam, sau đó liên kết thẻ tín dụng hoặc thẻ ghi nợ quốc tế (Visa, Mastercard, JCB) của bạn vào.
A16: Cách dùng: Khi ăn uống hoặc mua sắm, bạn chỉ cần mở Alipay lên để quét mã QR của cửa hàng hoặc đưa mã QR của mình cho thu ngân quét là xong [1].
A17: Lưu ý: Các giao dịch dưới 200 NDT (~700.000 VNĐ) sẽ được miễn phí dịch vụ. Giao dịch trên 200 NDT sẽ chịu phí khoảng 3%.
... A31: Lịch trình
A32: Quảng Châu | B32: 28/8-31/8 | C32: =IFERROR(__xludf.DUMMYFUNCTION("DAYS(DATE(2026, REGEXEXTRACT(B32, ""-\d+/(\d+)$""), REGEXEXTRACT(B32, ""-(\d+)/\d+$"")), DATE(2026, REGEXEXTRACT(B32, ""^\d+/(\d+)-""), REGEXEXTRACT(B32, ""^(\d+)/\d+-"")))"),3.0) -> 3
A33: Thâm Quyến | B33: 31/8-2/9 | C33: =IFERROR(__xludf.DUMMYFUNCTION("DAYS(DATE(2026, REGEXEXTRACT(B33, ""-\d+/(\d+)$""), REGEXEXTRACT(B33, ""-(\d+)/\d+$"")), DATE(2026, REGEXEXTRACT(B33, ""^\d+/(\d+)-""), REGEXEXTRACT(B33, ""^(\d+)/\d+-"")))"),2.0) -> 2
A34: Số người | B34: 4
A36: https://www.facebook.com/groups/TimBanDuLichNuocNgoai/posts/3017133788485801/
A37: https://www.bestprice.vn/blog/diem-den-8/trung-quoc-57/kinh-nghiem-du-lich-quang-chau-tu-a-den-z-hanh-trinh-4-mua-day-sac-mau_2-14507.html

Sheet Chi phí
A1: TÍNH TOÁN CHI PHÍ
A2: Quảng Châu
C3: Giá phòng | D3: Tổng cộng | E3: Đơn giá 1 người
A4: Khách sạn | B4: =IFERROR(__xludf.DUMMYFUNCTION("IFERROR(INDEX(FILTER('Khách sạn'!C6:C17, 'Khách sạn'!A6:A17=TRUE, 'Khách sạn'!B6:B17=""Quảng Châu""), 1), """")"),"Guangqi Homestay") -> Guangqi Homestay | C4: =IFERROR(__xludf.DUMMYFUNCTION("IFERROR(INDEX(FILTER('Khách sạn'!D6:D17, 'Khách sạn'!A6:A17=TRUE, 'Khách sạn'!B6:B17=""Quảng Châu""), 1), """")"),2594013.0) -> 2594013 | D4: =IFERROR(__xludf.DUMMYFUNCTION("IFERROR(INDEX(FILTER('Khách sạn'!G6:G17, 'Khách sạn'!A6:A17=TRUE, 'Khách sạn'!B6:B17=""Quảng Châu""), 1), """")"),7782039.0) -> 7782039 | E4: =IFERROR(__xludf.DUMMYFUNCTION("IFERROR(INDEX(FILTER('Khách sạn'!H6:H17, 'Khách sạn'!A6:A17=TRUE, 'Khách sạn'!B6:B17=""Quảng Châu""), 1), """")"),1945509.75) -> 1945509.8
A5: Máy bay | B5: HCM - Quảng Châu | D5: =E5*'Tóm tắt'!$B$34 -> 11600000 | E5: 2900000
A7: Thâm Quyến
C8: Giá phòng | D8: Tổng cộng | E8: Đơn giá 1 người
A9: Khách sạn | B9: =IFERROR(__xludf.DUMMYFUNCTION("IFERROR(INDEX(FILTER('Khách sạn'!C6:C17, 'Khách sạn'!A6:A17=TRUE, 'Khách sạn'!B6:B17=""Thâm Quyến""), 1), """")"),"Jufuyuan Apartment") -> Jufuyuan Apartment | C9: =IFERROR(__xludf.DUMMYFUNCTION("IFERROR(INDEX(FILTER('Khách sạn'!D6:D17, 'Khách sạn'!A6:A17=TRUE, 'Khách sạn'!B6:B17=""Thâm Quyến""), 1), """")"),1287858.0) -> 1287858 | D9: =IFERROR(__xludf.DUMMYFUNCTION("IFERROR(INDEX(FILTER('Khách sạn'!G6:G17, 'Khách sạn'!A6:A17=TRUE, 'Khách sạn'!B6:B17=""Thâm Quyến""), 1), """")"),2575716.0) -> 2575716 | E9: =IFERROR(__xludf.DUMMYFUNCTION("IFERROR(INDEX(FILTER('Khách sạn'!H6:H17, 'Khách sạn'!A6:A17=TRUE, 'Khách sạn'!B6:B17=""Thâm Quyến""), 1), """")"),643929.0) -> 643929
A10: Máy bay | B10: Quảng Châu - HCM | D10: =E10*'Tóm tắt'!$B$34 -> 16400000 | E10: 4100000
A12: Chi phí khác
C13: Đơn giá | D13: Tổng | E13: Đơn giá đầu người
A14: VISA | C14: 75 USD | D14: =E14*'Tóm tắt'!$B$34 -> 8000000 | E14: 2000000
A15: Đi lại trong tp | B15: taxi, tàu điện | C15: ? | D15: =E15*'Tóm tắt'!$B$34 -> 4000000 | E15: 1000000
A16: Ăn uống | B16: Ăn uống | C16: ? | D16: =E16*'Tóm tắt'!$B$34 -> 8000000 | E16: 2000000
A17: SIM | B17: 5 ngày - 2GB/ngày | D17: =E17*'Tóm tắt'!$B$34 -> 700000 | E17: 175000
A18: Tàu cao tốc | B18: QC - TQ | C18: 80 NDT | D18: =E18*'Tóm tắt'!$B$34 -> 1120000 | E18: 280000
B19: TQ - QC | C19: 80 NDT | D19: =E19*'Tóm tắt'!$B$34 -> 1120000 | E19: 280000
A20: Mua sắm | C20: ?
A21: Vé tham quan | C21: ?
A22: Bảo hiểm du lịch | C22: ?
C24: TỔNG | D24: =SUM(D4:D23) -> 61297755 | E24: =D24/4 -> 15324439

Sheet Tổng hợp địa điểm ăn chơi
A1: BẢNG TỔNG HỢP ĐỊA ĐIỂM TẠI QUẢNG CHÂU (11 điểm)
A2: Đặc sản tỉnh Quảng Đông mang phong vị thanh nhẹ, giữ nguyên độ tươi ngọt tự nhiên của nguyên liệu thông qua các món Dimsum, Vịt quay, và Gà hấp.
A3: STT | B3: Tên địa điểm | C3: Loại hình | D3: Giá tham khảo (NDT) | E3: Link tham khảo nguồn uy tín | G3: Ăn uống thì nhất định thử dimsum, quay vịt, trà sữa local…
A4: 1 | B4: Tháp Quảng Châu (Canton Tower) | C4: Tham quan | D4: 150 - 398 NDT (tùy tầng) | E4: Canton Tower Trip.com | G4: khu Beijing Road với Shangxiajiu toàn đồ ăn ngon, đi tối siêu vui
A5: 2 | B5: Đảo Sa Diện (Shamian Island) | C5: Đi dạo, chụp ảnh | D5: Miễn phí | E5: Shamian Island Tripadvisor
A6: 3 | B6: Phố đi bộ Bắc Kinh (Beijing Road) | C6: Mua sắm, lịch sử | D6: Miễn phí | E6: Beijing Road Tripadvisor
A7: 4 | B7: Du thuyền Đêm Sông Châu Giang | C7: Trải nghiệm đêm | D7: 80 - 160 NDT/người | E7: Pearl River Cruise Trip.com
A8: 5 | B8: Công viên Việt Tú (Yuexiu Park) | C8: Thiên nhiên, lịch sử | D8: Miễn phí | E8: Yuexiu Park Tripadvisor
A9: 6 | B9: Nhà tưởng niệm Tôn Trung Sơn | C9: Di tích lịch sử | D9: ~10 NDT vào sảnh chính | E9: Sun Yat-sen Hall Tripadvisor
A10: 7 | B10: Nhà hàng Tao Tao Ju (Đào Đào Cư) | C10: Ẩm thực (Dimsum) | D10: 100 - 150 NDT/người | E10: Tao Tao Ju Restaurant Trip.com
A11: 8 | B11: Nhà hàng Lianxiang Lou (Liên Hương) | C11: Ẩm thực (Vịt quay) | D11: 80 - 130 NDT/người | E11: Lianxiang Lou Facebook Guide
A12: 9 | B12: Quán mì Jianji (坚记面店) | C12: Ẩm thực (Mì Yifu) | D12: 20 - 40 NDT/tô | E12: Jianji Noodle Facebook Guide
A13: 10 | B13: Bánh cuốn Suiyin (穗银肠粉) | C13: Ăn sáng (Bánh cuốn) | D13: 15 - 25 NDT/phần | E13: Suiyin Changfen Facebook Guide
A14: 11 | B14: Chợ Quần áo Bạch Mã (Baima) | C14: Khu chợ đầu mối | D14: Vào cửa tự do | E14: Baima Market Tripadvisor
A18: BẢNG TỔNG HỢP ĐỊA ĐIỂM TẠI THÂM QUYẾN (11 điểm)
A19: Ẩm thực Thâm Quyến mang tính giao thoa mạnh mẽ do lượng lớn dân nhập cư, nổi tiếng nhất là các món Lẩu gà nước dừa, Hải sản tươi và làn sóng Trà sữa thế hệ mới.
A20: STT | B20: Tên địa điểm | C20: Loại hình | D20: Giá tham khảo (NDT) | E20: Link tham khảo nguồn uy tín
A21: 1 | B21: Cửa sổ Thế giới (Window of the World) | C21: Công viên chủ đề | D21: 220 NDT (Vé ngày) | E21: Window of the World Trip.com
A22: 2 | B22: Chợ điện tử Hoa Cường Bắc | C22: Công nghệ, mua sắm | D22: Miễn phí vào cửa | E22: Huaqiangbei Market Tripadvisor
A23: 3 | B23: Làng tranh sơn dầu Đại Phân | C23: Nghệ thuật, check-in | D23: Miễn phí | E23: Dafen Village Tripadvisor
A24: 4 | B24: Phố đi bộ Đông Môn (Dongmen) | C24: Chợ đêm, ăn vặt | D24: Miễn phí | E24: Dongmen Street Tripadvisor
A25: 5 | B25: Khu văn hóa phức hợp OCT Harbour | C25: Giải trí, nhạc nước | D25: Miễn phí (Show diễn tính vé) | E25: OCT Harbour Tripadvisor
A26: 6 | B26: Hệ thống Lẩu Gà Nước Dừa Runyuan | C26: Ẩm thực (Lẩu gà) | D26: 120 - 160 NDT/người | E26: Runyuan Hotpot Youtube Guide
A27: 7 | B27: Cửa hàng Trà sữa Heytea (Hỷ Trà) | C27: Thức uống xu hướng | D27: 15 - 30 NDT/ly | E27: Heytea Shenzhen Youtube Guide
A28: 8 | B28: Khu phức hợp Ping An IFC | C28: Đài quan sát cao 599m | D28: ~200 NDT | E28: Ping An Financial Center Tripadvisor
A29: 9 | B29: Công viên Công viên Liên Hoa Sơn | C29: View ngắm thành phố | D29: Miễn phí | E29: Lianhuashan Park Tripadvisor
A30: 10 | B30: Nhà hàng hải sản Leyuan Road | C30: Ẩm thực (Hải sản) | D30: 150 - 250 NDT/người | E30: Leyuan Seafood Youtube Guide
A31: 11 | B31: Quán đồ nướng Shaokao Đông Môn | C31: Ẩm thực đường phố | D31: 2 - 10 NDT/xiên | E31: Dongmen Shaokao Youtube Guide

Sheet Khách sạn
B2: Thâm Quyến thuận tiện thì ở 福田 dễ hơn vì gần nhiều line metro lớn, đi đâu cũng đỡ đau đầu Thâm Quyến 南山 vibe trẻ và hiện đại hơn á 😄 Nhiều mall xịn, cafe đẹp, gần Sea World với Shenzhen Bay nên đi chơi chill hơn hẳn. Quảng Châu tự túc Hotel Jinjiang Inn Guangzhou Liwan Rainbow Bridge Chuỗi khách sạn phổ biến ở Trung Quốc, gần metro, đi lại khá tiện. 7 Days Inn Guangzhou Shangxiajiu Branch Khu Liwan, tiện food tour và citywalk, hợp đi tự túc tiết kiệm Quảng Châu thì thích ở khu Beijing Road nhất, gần metro, tối đi bộ ăn uống rất tiện 😄
A5: CHỌN | B5: ĐỊA ĐIỂM | C5: TÊN | D5: GIÁ TIỀN | E5: SL | F5: ĐƠN GIÁ | G5: CHI PHÍ (TOÀN BỘ) (Chưa bao gồm thuế phí) | H5: CHI PHÍ (1 NGƯỜI) (Chưa bao gồm thuế phí) | I5: ĐỊA CHỈ | J5: PHÒNG | K5: VỊ TRÍ | L5: LINK | M5: HÌNH ẢNH | N5: Column 1
A6: FALSE | B6: Quảng Châu | C6: Guangzhou Xiyu Apartment | D6: 1969823 | E6: 1 | F6: =D6/'Tóm tắt'!$B$34 -> 492455.75 | G6: {=D6*E6*XLOOKUP('Khách sạn'!B6, 'Tóm tắt'!$A$32:$A$33, 'Tóm tắt'!$C$32:$C$33)} -> 5909469 | H6: =G6/'Tóm tắt'!$B$34 -> 1477367.2 | I6: 1st Floor, Tower C, Bolin International Apartment, Kailan Building, No. 16 Huacheng Avenue, Liede Subdistrict, Tianhe District, Quảng Châu, Quảng Đông, Trung Quốc | J6: Phòng Duplex 3 giường Phòng Ngủ 1: 1 giường đơn Phòng Ngủ 2: 1 giường đơn Phòng Ngủ 3: 1 giường queen | K6: Tàu Điện Ngầm :: Wuyangcun :: 310 m :: Zhujiang New Town :: 430 m Sân Bay :: Bạch Vân :: 35,8 km Vé Tàu :: Guangzhoudong :: 4,8 km :: Keyunlu :: 7,8 km Điểm tham quan :: Huacheng Square (Quảng trường Hoa Thành) :: 0,5 km :: Nhà hát Opera Quảng Châu (Guangzhou Opera) :: 0,8 km :: Bảo tàng tỉnh Quảng Đông :: 1,1 km :: Tháp Quảng Châu (Canton Tower) :: 2,5 km :: Sân vận động Thiên Hà (Tianhe Stadium) :: 3,3 km :: Phố đi bộ Bắc Kinh (Beijing Road) :: 4,5 km Khu vui chơi :: Mall của Tee Mall :: 3,0 km :: Khu nghệ thuật sáng tạo 289 Art Park :: 0,6 km :: Công viên đảo Hải Tâm Sa (Haixinsha) :: 1,2 km :: Khu mua sắm cao cấp Taikoo Hui :: 3,5 km | L6: click me
A7: FALSE | B7: Quảng Châu | C7: yousheshiguanggongyu | D7: 1818005 | E7: 1 | F7: =(D7*E7)/'Tóm tắt'!$B$34 -> 454501.25 | G7: {=D7*E7*XLOOKUP('Khách sạn'!B7, 'Tóm tắt'!$A$32:$A$33, 'Tóm tắt'!$C$32:$C$33)} -> 5454015 | H7: =G7/'Tóm tắt'!$B$34 -> 1363503.8 | I7: Tower 3, Qifu Binfenhui, Panyu Qu, Quảng Châu, Quảng Đông, Trung Quốc | J7: Elegant Suite - 3-room (1 Living Room) | K7: Tàu Điện Ngầm :: Shiguanglu Station (Ga Thạch Quảng Lộ) :: 450 m Sân Bay :: Bạch Vân (Guangzhou Baiyun Airport) :: 49,5 km Vé Tàu :: Ga Nam Quảng Châu (Guangzhou South Station):: 7,5 km :: Ga Trường Long (Guangzhou Changlong) :: 5,2 km Điểm tham quan :: Phố đi bộ Bắc Kinh (Beijing Road) :: 17,0 km :: Vườn thú hoang dã Chimelong Safari Park :: 4,2 km :: Làng cổ nghìn năm Shawan (Shawan Ancient) :: 11,5 km :: Khu thắng cảnh Liên Hoa Sơn (Lianhuashan) :: 26,0 km Khu vui chơi :: Trung tâm thương mại Qifu Binfenhui Mall :: 0 m :: Công viên giải trí Qifubinfen Amusement :: 0,1 km :: Công viên giải trí Chimelong Paradise :: 4,5 km :: Công viên nước Chimelong Water Park :: 4,8 km | L7: click me
A8: TRUE | B8: Quảng Châu | C8: Guangqi Homestay | D8: 2594013 | E8: 1 | F8: =(D8*E8)/'Tóm tắt'!$B$34 -> 648503.25 | G8: {=D8*E8*XLOOKUP('Khách sạn'!B8, 'Tóm tắt'!$A$32:$A$33, 'Tóm tắt'!$C$32:$C$33)} -> 7782039 | H8: =G8/'Tóm tắt'!$B$34 -> 1945509.8 | I8: Room 812, Building A, Yujiang Garden, No. 38 Nanti 2nd Road, Yuexiu District, Quảng Châu, Quảng Đông, Trung Quốc | J8: 2 giường king và 1 giường queen | K8: Tàu Điện Ngầm :: Haizhu Square (Ga Quảng trường Hải Châu) :: 520 m :: Beijing Lu (Ga Phố Bắc Kinh) :: 550 m Sân Bay :: Bạch Vân (Guangzhou Baiyun International) :: 34,5 km Vé Tàu :: Ga Quảng Châu (Guangzhou Railway Station) :: 5,2 km :: Ga Quảng Châu Đông (Guangzhoudong Station) :: 8,5 km Điểm tham quan :: Bến tàu ngầm sông Châu Giang Tianzi Wharf :: 150 m :: Phố đi bộ Bắc Kinh (Beijing Road) :: 400 m :: Chùa Đại Phật (Dafo Temple) :: 650 m :: Nhà thờ chính tòa Đức Mẹ Lộ Đức (Sacred) :: 2,6 km :: Công viên Việt Tú (Yuexiu Park) :: 3,0 km Khu vui chơi :: Trung tâm thương mại rạp phim Yuexiu Mall :: 0,5 km :: Chợ đồ chơi & quà lưu niệm Nhất Đức Lộ :: 1,2 km :: Khu bar sàn náo nhiệt dọc bờ kè Yanjiang :: 0,6 km | L8: click me
A9: FALSE | B9: Quảng Châu | C9: 7 Days Inn Guangzhou Shangxiajiu | D9: 510659 | E9: 3 | F9: =(D9*E9)/'Tóm tắt'!$B$34 -> 382994.25 | G9: {=D9*E9*XLOOKUP('Khách sạn'!B9, 'Tóm tắt'!$A$32:$A$33, 'Tóm tắt'!$C$32:$C$33)} -> 4595931 | H9: =G9/'Tóm tắt'!$B$34 -> 1148982.8 | I9: No. 88 Wenchang South Road, Liwan District, Quảng Châu, Quảng Đông, Trung Quốc | J9: 1 giường queen | K9: Tàu Điện Ngầm :: Changshou Lu (Ga Trường Thọ Lộ) :: 470 m :: Hualinsi (Ga Chùa Hoa Lâm) :: 490 m :: Huangsha (Ga Hoàng Sa) :: 800 m Sân Bay :: Bạch Vân (Guangzhou Baiyun International) :: 34,1 km Vé Tàu :: Ga Quảng Châu (Guangzhou Railway Station) :: 4,8 km :: Ga Quảng Châu Nam (Guangzhou South) :: 16,5 km Điểm tham quan :: Phố đi bộ Thượng Hạ Cửu (Shangxiajiu) :: 370 m :: Phố đi bộ Bắc Kinh (Beijing Road) :: 3,8 km :: Đảo Sa Diện (Shamian Island) :: 900 m :: Nhà thờ Thánh Tâm (Sacred Heart Cathedral) :: 1,6 km :: Trần Gia Từ (Chen Clan Ancestral Hall) :: 1,2 km :: Chùa Hoa Lâm (Hualin Temple) :: 500 m Khu vui chơi :: Trung tâm thương mại Hengbao Plaza :: 550 m :: Khu mua sắm cao cấp Metropolitan Plaza :: 950 m :: Chợ bán sỉ ngọc bích & đá quý Khang Vương :: 600 m | L9: click me
A10: FALSE | B10: Quảng Châu | C10: WF Apartment | D10: 1976439 | E10: 1 | F10: =(D10*E10)/'Tóm tắt'!$B$34 -> 494109.75 | G10: {=D10*E10*XLOOKUP('Khách sạn'!B10, 'Tóm tắt'!$A$32:$A$33, 'Tóm tắt'!$C$32:$C$33)} -> 5929317 | H10: =G10/'Tóm tắt'!$B$34 -> 1482329.2 | I10: No. 1 Residence, No. 16 Yujiang Road, Duobao Subdistrict, Liwan District, Quảng Châu, Quảng Đông, Trung Quốc | J10: Phòng Ngủ 1: 1 giường đôi Phòng Ngủ 2: 2 giường đôi | K10: Tàu Điện Ngầm :: Ruyifang (Ga Như Ý Phường) :: 360 m :: Huangsha (Ga Hoàng Sa) :: 1,0 km Sân Bay :: Bạch Vân (Guangzhou Baiyun International) :: 35,2 km Vé Tàu :: Ga Quảng Châu (Guangzhou Railway Station) :: 5,0 km :: Ga Quảng Châu Đông (Guangzhoudong Station) :: 11,2 km Điểm tham quan :: Bảo tàng Đường sắt Quảng Châu :: 160 m :: Dinh thự của Lý Tiểu Long (Bruce Lee) :: 550 m :: Khu du lịch văn hóa Vĩnh Khánh Phường :: 580 m :: Phố đi bộ Thượng Hạ Cửu (Shangxiajiu) :: 1,2 km :: Phố đi bộ Bắc Kinh (Beijing Road) :: 4,8 km :: Đảo Sa Diện (Shamian Island) :: 1,5 km :: Trần Gia Từ (Chen Clan Ancestral Hall) :: 1,8 km Khu vui chơi :: Chợ dược liệu & nông sản Thanh Bình :: 650 m :: Trung tâm thương mại cao cấp Thăng Long :: 1,1 km :: Phố bar bờ kè Bạch Thiên Đàm (Baie-Tan) :: 970 m | L10: click me
A11: FALSE | B11: Quảng Châu | C11: Mitu Apartment | D11: 912495 | E11: 3 | F11: =(D11*E11)/'Tóm tắt'!$B$34 -> 684371.25 | G11: {=D11*E11*XLOOKUP('Khách sạn'!B11, 'Tóm tắt'!$A$32:$A$33, 'Tóm tắt'!$C$32:$C$33)} -> 8212455 | H11: =G11/'Tóm tắt'!$B$34 -> 2053113.8 | I11: Room 703, Tower B2, Wanda Plaza, No. 96 Wanhui 1st Road, Nancun Town, Panyu District, Quảng Châu, Quảng Đông, Trung Quốc | J11: 1 giường queen | K11: Tàu Điện Ngầm :: Nancun Wanbo (Ga Nam Thôn Vạn Bác) :: 400 m Sân Bay :: Bạch Vân (Guangzhou Baiyun International) :: 48,0 km Vé Tàu :: Ga Nam Quảng Châu (Guangzhou South Station):: 12,0 km :: Ga Đông Quảng Châu (Guangzhoudong Station) :: 22,0 km Điểm tham quan :: Phố đi bộ Bắc Kinh (Beijing Road) :: 20,0 km :: Vườn thú hoang dã Chimelong Safari Park :: 4,5 km :: Khu du lịch sinh thái đảo Sa Vĩ (Xiaozhou) :: 7,0 km :: Làng cổ nghìn năm Shawan (Shawan Ancient) :: 16,0 km Khu vui chơi :: Trung tâm thương mại Panyu Wanda Plaza :: 0 m :: Tổ hợp mua sắm & giải trí Sihaicheng :: 0,5 km :: Công viên giải trí Chimelong Paradise :: 3,5 km :: Công viên nước Chimelong Water Park :: 3,8 km | L11: click me
A12: FALSE | B12: Thâm Quyến | C12: Kary Apartment | D12: 2119947 | E12: 1 | F12: =(D12*E12)/'Tóm tắt'!$B$34 -> 529986.75 | G12: {=D12*E12*XLOOKUP('Khách sạn'!B12, 'Tóm tắt'!$A$32:$A$33, 'Tóm tắt'!$C$32:$C$33)} -> 4239894 | H12: =G12/'Tóm tắt'!$B$34 -> 1059973.5 | I12: Qingfeng Rongsheng Venture Capital Building, No. 88-8 Bagua 3rd Road, Futian District, Thâm Quyến, Quảng Đông, Trung Quốc | J12: Phòng Ngủ 1: 1 giường queen Phòng Ngủ 2: 1 giường queen Phòng Ngủ 3: 1 giường đôi | K12: Tàu Điện Ngầm :: Hongling North (Ga Hồng Lĩnh Bắc) :: 300 m :: Yuanling (Ga Viên Lĩnh) :: 400 m :: Bagualing (Ga Bát Quái Lĩnh) :: 680 m Sân Bay :: Bảo An Thâm Quyến (Shenzhen Bao'an Int'l) :: 37,4 km Vé Tàu :: Ga Thâm Quyến (Shenzhen Railway Station) :: 6,2 km :: Ga Thâm Quyến Bắc (Shenzhen North Station) :: 11,5 km Điểm tham quan :: Phố đi bộ Đông Môn (Dongmen Pedestrian St) :: 3,5 km :: Công viên Lệ Chi (Lizhi Park) :: 1,4 km :: Công viên Nhân dân Thâm Quyến (People's) :: 2,3 km :: Tháp Địa Vương (Diwang Mansion) :: 3,0 km Khu vui chơi :: Trung tâm thương mại MixC Sungang :: 1,2 km :: TTTM Vạn Tượng Thực Gia (The MixC World) :: 1,3 km :: Trung tâm Triển lãm & Hội nghị Thâm Quyến :: 5,5 km | L12: click me
A13: TRUE | B13: Thâm Quyến | C13: Jufuyuan Apartment | D13: 1287858 | E13: 1 | F13: =(D13*E13)/'Tóm tắt'!$B$34 -> 321964.5 | G13: {=D13*E13*XLOOKUP('Khách sạn'!B13, 'Tóm tắt'!$A$32:$A$33, 'Tóm tắt'!$C$32:$C$33)} -> 2575716 | H13: =G13/'Tóm tắt'!$B$34 -> 643929 | I13: 23rd Floor, Gang'ao No. 8, No. 2118 Shennan East Road, Luohu District, 518000 Thâm Quyến, Quảng Đông, Trung Quốc | J13: Phòng Ngủ 1: 1 giường queen Phòng Ngủ 2: 2 giường đôi | K13: Tàu Điện Ngầm :: Hubei (Ga Hồ Bội) :: 280 m :: Dongmen (Ga Đông Môn) :: 480 m Sân Bay :: Bảo An Thâm Quyến (Shenzhen Bao'an Int'l) :: 39,3 km Vé Tàu :: Ga Thâm Quyến (Shenzhen Railway Station) :: 2,1 km :: Ga Thâm Quyến Bắc (Shenzhen North Station) :: 14,0 km Điểm tham quan :: Phố đi bộ Đông Môn (Dongmen Pedestrian St) :: 400 m :: Tòa tháp biểu tượng Kingkey 100 (KK100) :: 1,5 km :: Công viên Lệ Chi (Lizhi Park) :: 2,5 km :: Công viên Nhân dân Thâm Quyến (People's) :: 1,2 km Khu vui chơi :: Trung tâm thương mại Luohu Commercial City :: 2,1 km :: Khu mua sắm cao cấp The MixC Luohu :: 2,1 km :: Cửa khẩu La Hồ (Luohu Port đi Hong Kong) :: 2,8 km | L13: click me
A14: FALSE | B14: Thâm Quyến | C14: One Theme Apartment | D14: 1782985 | E14: 1 | F14: =(D14*E14)/'Tóm tắt'!$B$34 -> 445746.25 | G14: {=D14*E14*XLOOKUP('Khách sạn'!B14, 'Tóm tắt'!$A$32:$A$33, 'Tóm tắt'!$C$32:$C$33)} -> 3565970 | H14: =G14/'Tóm tắt'!$B$34 -> 891492.5 | I14: Building 3, Phase 5, Bantian Kaisa Central Plaza, Baoji Road, Bantian Subdistrict, Longgang District, Thâm Quyến, Quảng Đông, Trung Quốc | J14: Phòng Ngủ 1: 1 giường đôi Phòng Ngủ 2: 1 giường đơn Phòng Khách: 1 giường đôi | K14: Tàu Điện Ngầm :: Gangtou (Ga Cương Đầu - Tuyến 10) :: 350 m :: Xuexiang (Ga Tuyết Tượng - Tuyến 10) :: 400 m Sân Bay :: Bảo An Thâm Quyến (Shenzhen Bao'an Int'l) :: 36,0 km Vé Tàu :: Ga Thâm Quyến Bắc (Shenzhen North Station) :: 8,5 km :: Ga Thâm Quyến (Shenzhen Railway Station) :: 19,0 km Khu vui chơi :: TTTM Kaisa Central Plaza Mall (Ngay dưới) :: 0 m :: TTTM sinh thái Bantian Vanke Plaza :: 2,6 km :: Khu công nghệ cao Tian'an Yungu Complex :: 1,1 km Điểm tham quan :: Công viên Hoàng Kim Sơn (Huangjinshan Park) :: 1,3 km :: Công viên sinh thái Gankeng Hakka Town :: 4,8 km :: Khu mua sắm & giải trí Longhua Foxconn :: 5,5 km | L14: click me
A15: FALSE | B15: Thâm Quyến | C15: Shenzhen Haicheng Boutique Apartment | D15: 1304939 | E15: 1 | F15: =(D15*E15)/'Tóm tắt'!$B$34 -> 326234.75 | G15: {=D15*E15*XLOOKUP('Khách sạn'!B15, 'Tóm tắt'!$A$32:$A$33, 'Tóm tắt'!$C$32:$C$33)} -> 2609878 | H15: =G15/'Tóm tắt'!$B$34 -> 652469.5 | I15: Room 33B06, Gang'ao No. 8, Gangfeng Building, No. 2118 Shennan East Road, Luohu District, 518000 Thâm Quyến, Quảng Đông, Trung Quốc | J15: Phòng Ngủ 1: 1 giường đơn và 1 giường đôi Phòng Ngủ 2: 1 giường đôi | K15: Tàu Điện Ngầm :: Hubei (Ga Hồ Bội) :: 280 m :: Dongmen (Ga Đông Môn) :: 480 m Sân Bay :: Bảo An Thâm Quyến (Shenzhen Bao'an Int'l) :: 39,3 km Vé Tàu :: Ga Thâm Quyến (Shenzhen Railway Station) :: 2,1 km :: Ga Thâm Quyến Bắc (Shenzhen North Station) :: 14,0 km Điểm tham quan :: Phố đi bộ Đông Môn (Dongmen Pedestrian St) :: 400 m :: Tòa tháp biểu tượng Kingkey 100 (KK100) :: 1,5 km :: Công viên Lệ Chi (Lizhi Park) :: 2,5 km :: Công viên Nhân dân Thâm Quyến (People's) :: 1,2 km Khu vui chơi :: Trung tâm thương mại Luohu Commercial City :: 2,1 km :: Khu mua sắm cao cấp The MixC Luohu :: 2,1 km :: Cửa khẩu La Hồ (Luohu Port đi Hong Kong) :: 2,8 km | L15: click me
A16: FALSE | B16: Thâm Quyến | C16: Senmei International Apartment Hotel | D16: 1976867 | E16: 1 | F16: =(D16*E16)/'Tóm tắt'!$B$34 -> 494216.75 | G16: {=D16*E16*XLOOKUP('Khách sạn'!B16, 'Tóm tắt'!$A$32:$A$33, 'Tóm tắt'!$C$32:$C$33)} -> 3953734 | H16: =G16/'Tóm tắt'!$B$34 -> 988433.5 | I16: Room 8D, Building C1, Jingji Binhe Times Plaza, Binhe Avenue, Futian District, Thâm Quyến, Quảng Đông, Trung Quốc | J16: Phòng Ngủ 1: 1 giường queen Phòng Ngủ 2: 1 giường queen Phòng Khách: 1 giường đôi | K16: Tàu Điện Ngầm :: Xiasha (Ga Hạ Sa - Tuyến số 9) :: 260 m :: Chegongmiao (Ga Xa Công Miếu - Trung tâm) :: 900 m Sân Bay :: Bảo An Thâm Quyến (Shenzhen Bao'an Int'l) :: 28,0 km Vé Tàu :: Ga Phúc Điền (Futian High-Speed Station) :: 3,5 km :: Ga Thâm Quyến Bắc (Shenzhen North Station) :: 12,0 km Khu vui chơi :: Trung tâm thương mại KK ONE Mall (Ngay dưới) :: 0 m :: Phố ẩm thực văn hóa cổ Hạ Sa (Xiasha Village) :: 300 m :: Phố bar & ẩm thực sầm uất Chegongmiao :: 900 m Điểm tham quan :: Công viên đầm ngập mặn vịnh Thâm Quyến :: 1,2 km :: Công viên nước & giải trí Happy Coast :: 3,0 km :: Công viên Thâm Quyến Central Park :: 5,8 km :: Cửa khẩu Phúc Điền (Futian Port đi HK) :: 5,2 k | L16: click me
A17: FALSE | B17: Thâm Quyến | C17: Aney Homestay | D17: 1923833 | E17: 1 | F17: =(D17*E17)/'Tóm tắt'!$B$34 -> 480958.25 | G17: {=D17*E17*XLOOKUP('Khách sạn'!B17, 'Tóm tắt'!$A$32:$A$33, 'Tóm tắt'!$C$32:$C$33)} -> 3847666 | H17: =G17/'Tóm tắt'!$B$34 -> 961916.5 | I17: Nanshan District, Thâm Quyến, Quảng Đông, Trung Quốc | J17: Phòng Ngủ 1: 1 giường đôi Phòng Ngủ 2: 1 giường đôi Phòng Ngủ 3: 1 giường đôi | K17: Tàu Điện Ngầm :: Nanshan (Ga Nam Sơn - Tuyến số 11 & 12) :: 350 m :: Taoyuan (Ga Đào Viên - Tuyến số 1) :: 960 m Sân Bay :: Bảo An Thâm Quyến (Shenzhen Bao'an Int'l) :: 18,3 km Vé Tàu :: Ga Thâm Quyến Bắc (Shenzhen North Station) :: 16,0 km :: Ga Thâm Quyến (Shenzhen Railway Station) :: 21,0 km Điểm tham quan :: Bảo tàng quận Nam Sơn (Nanshan Museum) :: 960 m :: Công viên Lệ Hương (Lixiang Park) :: 1,2 km :: Khu phố cổ Nam Đầu (Nantou Ancient Town) :: 2,0 km :: Khu du lịch cửa biển Sea World (Xà Khẩu) :: 6,5 km Khu vui chơi :: Trung tâm thương mại Baoneng All City Mall :: 1,0 km :: Siêu trung tâm mua sắm Shenzhen Bay MixC :: 4,5 km :: Công viên giải trí Cửa Sổ Thế Giới (Window):: 5,5 km | L17: click me

Sheet 28-8
A2: 08:00 - 12:00 | B2: Bay HCM - Quảng Châu, Di chuyển về KS | C2: Sân bay Bạch Vân, Guangqi Homestay | D2: Check-in khách sạn, nghỉ ngơi sau chuyến bay
A3: 12:30 - 13:30 | B3: Ăn trưa: Quán mì Jianji (坚记面店) | C3: Khu vực gần khách sạn | D3: Đặc sản Mì Yifu, Giá: 20 - 40 NDT/tô
A4: 14:30 - 17:30 | B4: Tham quan: Đảo Sa Diện (Shamian Island) | C4: Đảo Sa Diện | D4: Đi dạo, chụp ảnh kiến trúc châu Âu. Giá: Miễn phí
A5: 18:30 - 21:00 | B5: Ăn tối: Nhà hàng Tao Tao Ju (Đào Đào Cư) & Dạo Phố đi bộ Bắc Kinh | C5: Phố đi bộ Bắc Kinh | D5: Ăn Dimsum (100 - 150 NDT/người), Mua sắm, dạo phố đêm

Sheet 29-8
A1: Ngày 1: Khám phá di sản và Biểu tượng Quảng Châu
A2: 08:00 - 09:00 | B2: Ăn sáng: Bánh cuốn Suiyin (穗银肠粉) | C2: Quán Suiyin | D2: Ăn sáng kiểu địa phương. Giá: 15 - 25 NDT/phần
A3: 09:30 - 12:00 | B3: Tham quan: Công viên Việt Tú (Yuexiu Park) | C3: Công viên Việt Tú | D3: Khám phá thiên nhiên, lịch sử. Giá: Miễn phí
A4: 12:30 - 14:00 | B4: Ăn trưa: Nhà hàng Lianxiang Lou (Liên Hương) | C4: Khu vực trung tâm | D4: Đặc sản Vịt quay. Giá: 80 - 130 NDT/người
A5: 15:00 - 18:00 | B5: Tham quan: Tháp Quảng Châu (Canton Tower) | C5: Tháp Quảng Châu | D5: Ngắm toàn cảnh thành phố. Giá vé: 150 - 398 NDT (tùy tầng)
A6: 19:00 - 21:00 | B6: Trải nghiệm: Du thuyền Đêm Sông Châu Giang | C6: Sông Châu Giang | D6: Ngắm cảnh đêm lung linh. Giá vé: 80 - 160 NDT/người

Sheet 30-8
A1: Ngày 2: Bản sắc văn hóa và Thiên đường mua sắm
A2: 09:00 - 11:30 | B2: Tham quan: Nhà tưởng niệm Tôn Trung Sơn | C2: Nhà tưởng niệm Tôn Trung Sơn | D2: Tìm hiểu di tích lịch sử. Giá: ~10 NDT vào sảnh chính
A3: 12:00 - 13:30 | B3: Ăn trưa & Nghỉ ngơi | C3: Khu vực gần chợ Bạch Mã | D3: Ăn trưa tự túc, nạp năng lượng mua sắm
A4: 14:00 - 18:00 | B4: Mua sắm: Chợ Quần áo Bạch Mã (Baima) | C4: Chợ Bạch Mã | D4: Khu chợ đầu mối quần áo lớn nhất. Giá: Tùy nhu cầu
A5: 19:00 - 21:00 | B5: Ăn tối tự do & Chuẩn bị hành lý | C5: Quanh khu vực khách sạn | D5: Thưởng thức ẩm thực đường phố, thu dọn đồ đạc để mai đi Thâm Quyến

Sheet 31-8
A1: Ngày 3: Tàu cao tốc sang Thâm Quyến – Khám phá Kỳ quan Thế giới
A2: 08:00 - 11:00 | B2: Di chuyển: Tàu cao tốc Quảng Châu - Thâm Quyến | C2: Ga tàu Quảng Châu - Ga Thâm Quyến | D2: Check-out KS, đi tàu cao tốc. Giá vé: ~80 NDT
A3: 11:30 - 12:30 | B3: Check-in khách sạn | C3: Jufuyuan Apartment, Thâm Quyến | D3: Gửi hành lý, nhận phòng
A4: 13:00 - 14:30 | B4: Ăn trưa & Thưởng thức Trà sữa Heytea (Hỷ Trà) | C4: Khu vực trung tâm Thâm Quyến | D4: Trà sữa xu hướng. Giá: 15 - 30 NDT/ly
A5: 15:00 - 18:30 | B5: Tham quan: Cửa sổ Thế giới (Window of the World) | C5: Cửa sổ Thế giới | D5: Công viên chủ đề thu nhỏ thế giới. Giá vé: 220 NDT (Vé ngày)
A6: 19:30 - 21:30 | B6: Ăn tối: Hệ thống Lẩu Gà Nước Dừa Runyuan | C6: Nhà hàng Runyuan | D6: Đặc sản lẩu gà Thâm Quyến. Giá: 120 - 160 NDT/người

Sheet 1-9
A1: Ngày 4: Thung lũng công nghệ và Làng nghệ thuật
A2: 09:00 - 12:00 | B2: Nghệ thuật: Làng tranh sơn dầu Đại Phân | C2: Làng Đại Phân | D2: Tham quan, chụp ảnh check-in. Giá: Miễn phí
A3: 12:30 - 14:30 | B3: Ăn trưa: Nhà hàng hải sản Leyuan Road | C3: Đường Leyuan | D3: Thưởng thức hải sản tươi sống. Giá: 150 - 250 NDT/người
A4: 15:00 - 18:00 | B4: Công nghệ: Chợ điện tử Hoa Cường Bắc | C4: Chợ Hoa Cường Bắc | D4: Khám phá thiên đường công nghệ. Giá: Miễn phí vào cửa
A5: 18:30 - 20:00 | B5: Ăn tối: Quán đồ nướng Shaokao Đông Môn | C5: Phố đi bộ Đông Môn | D5: Ăn vặt đường phố. Giá: 2 - 10 NDT/xiên
A6: 20:00 - 22:00 | B6: Giải trí: Phố đi bộ Đông Môn (Dongmen) | C6: Phố đi bộ Đông Môn | D6: Dạo chợ đêm, mua sắm. Giá: Miễn phí

Sheet 2-9
A2: 09:00 - 11:30 | B2: Tham quan: Khu phức hợp Ping An IFC | C2: Ping An Financial Center | D2: Đài quan sát cao 599m ngắm toàn cảnh. Giá vé: ~200 NDT
A3: 12:00 - 13:30 | B3: Ăn trưa tự do & Mua quà lưu niệm | C3: Khu vực trung tâm | D3: Thưởng thức bữa trưa cuối cùng tại TQ
A4: 14:00 - 15:30 | B4: Di chuyển ra sân bay | C4: Sân bay Thâm Quyến | D4: Check-out KS, bắt taxi/tàu điện ra sân bay
A5: 16:00 - 19:00 | B5: Bay Thâm Quyến - HCM | C5: Sân bay Thâm Quyến | D5: Kết thúc chuyến đi tốt đẹp
